name,content
pj721911,再看第三家確認阿
derekQQ,這個問題...可能要跑多家才能找到... 會回答這個問題的原因，有牙醫不會看牙周病...
justhappily,找第三家醫生 確認蛀牙是否誤判 不能肯定的話就要找更多家
joseph1357,是蛀牙標準不一吧！ 多看幾家
b85040312,小蛀牙XDD 幫你補一補你覺得健保可以請多少錢
lee7317,建議爬一下牙板，小蛀牙有些是還不用處理的。
dralanpa,康碩牙醫，但是完全預約制，因為只有醫師一人
lulusin,不嫌遠的話 八德有一家 我們全家大小看了二十幾年非常棒 的醫生～
tbu,我去歐唯貝斯咨詢矯正時也是被口說一堆蛀牙，去非凡又說沒有 ，當代也沒說有蛀牙
Uchiha,推薦廖永楷醫師
whisty216,有些是小蛀牙 但是還沒到要補的地步 所以他才跟你說沒 有吧
samuel30214,全家福不錯
espanol,青青不推，之前沒幫我補好
skyviviema,有聽說只有小蛀牙而且沒有持續擴大其實不要補比較好
a29230407,之前去當代興國，醫師檢查很仔細，很友善，推薦你﴿??
tatu0223,推薦群英吳醫師，我覺得比x青好太多 我也超怕痛，跑過幾家後，這家算好預約醫術又好的牙醫了 想當初我急性牙痛，給青x看預約了1個月，結果看沒多久醫 生請我另尋有舒眠的，結果去群英完全不用 我抽神經也沒打麻醉，他是塞藥滿滿殺神經，只要神經還有 感覺，他都說：沒關係～方法很多種，找最舒服的方式治療 最後很順利很舒服的根管完成
antiiss,推女漢子XD女牙醫每每把我弄到流血 打死不讓女牙醫看 只是幫我剔個牙喔 牙線搞到我流血 就知道有多大力
elleryqueen,"目前正在看宏儒謝醫師 感覺起來是雖然是會碎念的醫生 但其實人還不錯 技術也可 適合可接受爸爸""教導""的朋 友 (我目前正在根管 期間也拔了上排的智齒*1)"
amylin2729,也推群英！至少15年了吧～
metallican,我也看過很多 品臻超棒不解釋
linnette,品臻超不推 某男醫師幫我根管治療 沒幫我打麻醉 看我超 級痛才問我要不要打麻醉
naive,推壢新醫院牙醫 佛心幫我做自體移植 一般診所才不做
sperit,"青青醫生有耐心,好溝通,我小孩都給他顧 小孩蛀牙別家牙醫都說要根管,小孩害怕,我們跟牙醫討論結果 就先補起來,一直到換牙,我覺得很有心為病人想 已經1年多都沒疼痛了,再撐三年就可以換牙了"
kwinner,名一老醫生也是沒有留牙縫，為什麼阿？ 年輕的不會
imVAL,抽神經沒打麻醉好扯哦！
Slash1987,不要一直推群英啦 低調...
mcnightcc,壢新的不錯了，青青也很推，但是真的很難約診
sun545,推宏儒謝醫師！
tingiy,青青剛開第一次去沒什麼人     現在以月排隊了
gn00093006,中壢推一下新生的沙醫生 水平智齒是給他拔的
jean0914,極推薦壢新王醫師！（在他妙手下順利把四顆智齒給解決了 ～撒花）
qqlqlqlql,放殺神經的藥阿......
c4681209,結論，推哪家牙醫請連醫生名一起報上~不然真的各推各的 像拔智齒，歷新王醫生不錯~我也推薦給朋友~朋友也說不錯 但只限拔智齒！！其他就不清楚了~
ZO20,標題補個
chingdmla,也太慘了..中原大潤發旁邊的全家福牙醫不錯，sogo附近 也有一家疊字名字的牙醫忽然忘記名字，那家超難預約
kbwai,米樂牙醫
vvswallow,青青？
jason628,新生牙醫 巫醫師
a127n,格林哪位醫師呀?
yesmylord,真正沒醫德的連動手挖都不用就直接申報  所以你看到的 是有醫德還是沒醫德？
ilovemus,我想你應該找不到適合的醫生 ㄏㄏ
tibao,我也覺得青青比較適合一般保養；比較有問題我就會跑遠點去 潔明，但信任的醫師半退休了，其它不知道推薦哪個醫師
Yajblue,我推薦高鐵附近的維思登牙醫，因我前陣子趕著出國，裡面 的張朝富醫生幫我重新治療之前根管失敗發炎的臼齒，最後 還找到了第四根根管！！！最後才讓我放心出國，超謝謝他
s8155453,我住中壢，青青生意太好太難排（我在隔壁大樓上班）。 格林可以考慮，去過幾次，經驗不錯，醫生有水準。慈惠只 做一般治療，還可以。澄品做一般治療還ok。中壢高中對 面的X典，裝潢不錯，男醫師有點脾氣。内壢有間彼德，以 前在小診所給他看過，後來自己開業，人很不錯，但不夠 細心，審美觀不好（當我沒說）。最後我改到了當代，算是 目前我覺得服務最好設備最完善的，尤其是幫我治療的女 醫師。其他應該也有不錯的醫生，以上是我親身體驗，供你 參考。
feeling1024,大推全家福牙醫 在中原大潤發隔壁 以前我對看牙醫有恐懼 但是我現在完全信任全家福的 醫師 也比較敢去看牙醫了
goddc,新生路的晶華牙醫，環境設備很好，重點是護士還有醫生人很 親切，因為要抽神經還給我看pad抽神經的過程並且跟我解釋！
jialingyu,歐唯貝斯的蕭醫師 上次拔水平智齒完全不痛！
lovecab,壢新 智齒王...
jjalie,推中壢新生路台大聯安牙醫診所（sogo附近） 在那拔了四顆智齒
gn00093006,新生牙醫的沙醫生 兩顆水平智齒都給他拔 而且麻藥退了 也不會痛
cat715,智齒王 壢新王宏仁
kutkin,台大聯安  是快  用敲的 怕痛的還是去給人慢慢磨比較好.... 我一顆台大聯安  一顆  後站非凡  前者快恢復慢
angelafreet,壢新 智齒王+1
g4675,壢新王宏仁，拔過兩顆水平，無痛
onlyyou21,原po太小看王醫師的名氣了
jean0914,王宏仁醫師 沒有之一
aipado,壢新智齒王+1 術後幾乎沒恢復期
a5721541,壢新王醫師，兩顆都恢復迅速
gn02546574,有補牙王嗎？虎牙側邊蛀牙，上次隨便找一間說不能補…
Blue6,當然是去找壢新智齒王了
liondongdong,壢新智齒王 倒鉤水平輕鬆迅速
badtonight,王醫師  真的一下就拔完了
emily0222,壢新王醫師 輕鬆解決！術後無腫脹
petty0312,壢新 智齒王+1
candyX,壢新 智齒王+1
monkeywife,兩顆都找壢新王宏仁
summerly,智齒王XD但真的不痛又快
h9016888,王宏仁醫師真的很厲害!
cbc0402,王醫師人氣好高@@
Maonome,竟然得到智齒王的封號@@
TC0430,有沒有這麼猛....
knice1203,王醫師沒有之一
HBO10383,桃園藝文特區康喬，專處理智齒，可以google評價，不輸王 宏仁
chiangburger,智齒王真的不錯 術後無腫脹無感染
a5211,抽神經可以推薦一下嗎？謝謝
magicen,壢新智齒王+1，之前拔水平智齒術後狀況良好!難預約
woodpie,壢新智齒王 四顆都給他拔 一次拔兩顆 分別15分3分結束
Egiot,桃園藝文特區康喬，當天中午拔四顆水平智齒，晚上就逛夜市 吃燒烤
flowerskirt,壢新智齒王+1
becausemusic,智齒王 我給他拔完後當天晚上吃饅頭  隔天吃火鍋吃到飽
keung,拔4顆智齒 下2顆水平 上2顆 只能含淚推壢新智齒王了
momo1119,歐衛貝斯 快又親切
tydjc,壢新王宏仁醫生大推！上週才剛拔完～過程不痛，醫生超溫柔 ～
revlon,智齒王超厲害，扣掉上麻藥等候的時間，根本不用三分鐘！
tevil,中原新中北路 永潔邵國彬醫生，拔過兩顆智齒完全無痛快速
kfshiang,水平智齒兩顆都是壢新智齒王
Qzzzz,壢新智齒王+1  四顆都給他拔
ees1123,王宏仁醫師，推薦很多人去拔了！
dralanpa,中山東路一段，康碩牙醫，完全預約制，非常細心，當自己 牙齒在拔
cookingmama,智齒王等一個月絕對值得喇
sk6,壢新 智齒王+1
xcatcat,聯安拔過 一小時後就可吃烤雞.. 當初沒有預約直接去
littleconan,推文是在同學會嗎？好歡樂
hsuan25123,壢新 王宏仁醫生真的很厲害，之前去小診所拔花了快 一個小時，王醫生只要幾分鐘就好了
smallgi00,想知道原po如何預約到12/19？我網路都預約不到QQ 哎呀 我看錯 我想預約假日每次都搶不到拉QQ
fountainB,元化澄品劉醫師
ingridlyon,青青 但預約要排很久
lses60230,晶華不錯  在sogo接駁車旁
Note5edge,青青不錯
ann30324,內壢的康雅不錯
violetyu,我在慈惠三街澄品覺得不錯
derekQQ,你/妳 這樣問，會有眾多答案
becku,推薦康碩牙醫，很有耐心
milkmari,我之前在健行科大附近的大明牙科矯正，覺得還蠻不錯的 ～
bking,A21黃院長
blue28082,群英牙醫 因為可以不用在一開始戴牙套就先付一大筆錢出 去 可以慢慢還 在中壢的大時鐘附近啊 燦坤對面(不知道現在還是不是燦 坤) 很小間的牙醫診所
lim10337,群英好像在新北市耶
benetikuto,我在歐唯貝斯做的，很推，醫師很有耐心技術也很好。
terry31224,歐唯貝斯，沒第二選擇了
zhong303,大明推一個，只是預約要等很久
chahoo,歐唯貝斯+1
fatthg,歐唯貝斯真的還不錯 推薦陳醫師
leo19841010,群英算不錯，大都作熟客
b85040312,醫生護士一起崩潰喔?
revue,推貝多芬，我在那矯正，醫生人很客氣，價錢又合理
benetikuto,好誇張。 態度好差 我也是在歐唯矯正，蠻不錯的。其實價錢來說我覺得只 比其他間貴一些而已，再說有些診所骨釘等等還要另外 算錢..... 而且哪個人矯正前不多家比較啊?!!!會在意的醫生真的 心態有問題。
espanol,我就是在這家用的，覺得醫生技術不怎麼樣，那時牙套拆了 我還是覺得上排歪，上排又重帶了半年多，而且醫生只是每 次幫我喬位置調緊而已…
TennisC,會不會醫師覺得沒必要阿？ 就像科p那樣說話直接？只是做個假使
a237,"E大有在這邊用哦！謝謝你的分享 我覺得醫生直接拿手機出來玩Line不看病人說話..讓我感覺很 輕佻＞＜ 可能下午診看下來 醫護都累了...可能去這家要諮詢矯正，'' 儘量別說有在別家諮詢過..不然他們可能以為只是問問 嗯嗯 其實經過2家的諮詢.仔細想歐唯貝斯沒有比較貴＞＜ 開 的價差不多.（可是蕭醫師說我矯正完""臉會變大""..讓我有點卻 步） 但歐唯貝斯 我有看資料有參加""矯正協會 專科 會考慮還是回去 吧！"
peggie,青青牙醫看過後，到永福牙醫諮詢時老實講，醫生沒怎麼樣耶 醫生個人問題吧？
y1324,誇張 這種囂張的牙醫實在沒有去的必要
jh17,歐唯貝斯的蕭醫師超細心的！
deity20270,推歐唯貝斯! 目前矯正半年多
zxxxxa,印象中這家不錯阿!可能醫生說話太直了吧
jk1982,很清楚醫生覺得妳只是來問價錢而已
guan0410,我也是在歐唯貝斯矯正，醫生是陳醫生~這是我第二次矯正 小時候的牙醫好兇~造成我不愛回診.所以只弄一半 最後沒回診的後果就是打回原形.原本不想再管牙齒了 但去到歐唯貝斯諮詢.醫生護士的態度讓我很放心.也不害怕 目前矯正2年.感覺時間過超快~我12/8就要拆矯正器了 矯正是長期抗戰.為了省錢接受2年以上的壓力痛苦~不值得 我比較過別家戴蒙差價1-2萬.歐唯貝斯我的部分才差五千 真的比較起來~歐唯貝斯也不算貴.我全口矯正13萬用戴蒙
bettyppt,我的醫師還推薦我去這家咨詢勒，還好沒聽他的話...
fatthg,我也是在歐唯貝斯 陳醫師很細心 牙齒一顆一顆微調
jayahting,我是給女醫師看的，態度超好欸，小問題也都耐心解釋， 看我的表情太痛苦會適時停一下，我去過一次就是死忠客 戶了
honey1113,我也是這家做的，效果很好，醫生說話比較直接，但覺得 技術不錯 建議多比較，畢竟要相處很久，加油
raybdbd,典範~
gracehoward,明揚
nonopower,壢新，我車禍送那邊就順便在那邊做了
istoday,大園 群盛牙醫的黃敬輝醫師 人很nice 技術很好
georginapi,新典 夏醫師
whitecolor78,推非凡，我在那邊做兩顆，一顆2.2
f5920y2055,當代牙醫
n122441598,朋友介紹下，去了當代牙醫做，結果我很滿意喔
tomshiou,台北做也才一萬 桃園是怎麼了
jasonlllll,做過全瓷冠一顆一萬初頭
octsix30,樓上可以說一下名字嗎？謝謝 是的，我目前想做的就是整顆都二氧化鋯 D大有覺得哪間不錯的嗎？
gugu1031,全瓷冠也是有分材質跟硬度的，所以價格都會有點落差哦！
wilsona,可以去 藝文特區的 聖峯牙醫 找林院長喔
may114021,大竹經典牙醫全瓷冠12000起
weihao9420,想知道+1
andy2151,全瓷冠指的是整顆材質都是二氧化鋯，不是表面燒瓷就叫 全瓷冠唷。
daisy1130,"最近我也是有兩顆門牙要做,目前也是在評估中"
tienchunhung,桃園 瑞康牙醫 林院長 or 翁醫師
Tammy6520,想知道+1
Bigemma,我之前在微美牙醫做前面兩顆門牙的牙套，全瓷，顏色還滿o k的，給你參考
frank1401,我媽媽在當代牙醫給黃詩詠醫師做牙周手術 可以去評估看 看 當代牙醫聽我媽說是全方位的治療 包含假牙 建議你打 電話詢問
faker,格林牙醫，假牙是贗復專科醫師負責，也有牙周專科醫師 我是牙周專科，不過在中壢駐診的診所沒有贗復專科 所以建議你去格林評估，不會是最便宜，但治療計畫完整
S99663,格林要延至下週囉 沒掛到牙髓專科...
ckhclaire,桃園區陽光牙科的林震濤醫師～周圍的朋友好幾位請他看 ，是專看牙周病跟植牙的醫師，本人也很親切溫柔哦
rcchen,推薦 桃園 和悅牙醫 陳醫生
qazchu,格林牙周醫師讓我感覺不是很好，不過張醫師就滿專業的
t22745660,可以先塞個紗布
cookiesrain,可以包蠟吧 ？
wplinwp,直接找一家診所掛號，我相信醫生不會不幫你處理？
runningcow,樓上，你知道不是每個牙醫都會用矯正病人嗎？
ninikaren,感謝版友回文 有版友寄信給我 已解決 謝謝
jun2578,去台北吧
kutkin,我習慣去中壢 綠光
gwen31337,建議直接去中壢找 我也覺得楊梅埔心牙醫經驗都不好 埔心火車站附近華欣牙醫 不過如果不介意醫生有點老 我是蠻推薦那家的
Miuramaki,楊梅圖書館旁 那間不錯
alice2035,全家福對面，魏醫生是從天祥出來開的
chen0937,楊梅圖書館旁是楊梅天成牙醫出來開的 在楊梅天成補蛀牙一次，很快脫落，要重補…… 去過補牙不錯怡仁牙科鄒醫師、新屋省桃黃醫師 另外推薦洗牙很仔細，威士頓牛排旁的牙科是老醫師
flyroch,我推薦新成路上的鈺恩；別間打了三次麻醉都還拔不掉的牙 這15分鐘就無痛完成了...橫長的智齒拔也沒這麼痛
duck12321,你說的第一間跟第三間，一間馬虎一間仔細，你都不喜歡? 要補幾顆可能要看醫生吧，我也曾看過一間說要做根管4顆 換間只做了一顆的 0.0
cov,新成路的自然還不錯 雖然醫生很愛碎碎念
lpc812,推埔心火車站對面的新新牙醫 蠻實在的人(醫)/事(療)/物
tammy1928,老公是在元化路(靠錢櫃那段的元化路)的上揚牙醫看 蛀牙，看的是黃醫師(女)，說她很有耐心也較細心， 前後看了2個月左右，他都覺得很OK。他也是聽同事 事推薦去的。我過年前幾天超衰門牙斷了也是去這， 這家，當天只有另一名男醫師，感覺也蠻細心的。 不過此家診所外觀看起來較老舊，但診所器材不會！ 會感覺很爛，離中壢高中也不遠喔！ 夜市附近的當代牙醫老公也說很好，不過因為價格 因素(他要做牙套)，後來就換到上揚。
yyhhnn,看你講智齒旁的牙齦發炎，會不會是智齒發炎? 我年前也是智齒旁牙齦發炎很痛，而且腫了一週都不退 痛的受不了，去壢新醫院看王宏仁醫生，我是排當天掛號的 當天就拔智齒，牙齦腫就消了，不然之前腫大到耳朵都會痛 王宏仁醫生是專門拔牙的，網路預約滿到一個月以上所以要 去現場排隊喔，超感謝他救我的牙XDD
OkenBin,牙痛起來真的要人命
zomoun,推薦潔明牙醫戴醫生，前陣子也是牙齦發炎，戴醫生很細心
chubachu,謝謝大家的推薦和分享，目前先吃消炎藥和止痛藥等消炎
awelkin,離「青青牙科」很近，真不舒服去現場排。
jerico,有沒有願意打麻藥的牙醫，到現在我還是去台北看！ 中壢的牙醫是不是都不打麻藥，上次根管直接頭撞牙醫臉 我去了三間，再也不去中壢的牙醫了，感覺太危險
a1230929,推中原佳新黃寧柔醫生，很溫柔又細心，有次感覺神經痛， 看了三位醫生，很多醫生都說要抽神經試試，但是x光也沒 看到蛀到神經，只有她堅持不抽試試，沒想到被她找到疼痛 的原因!也沒抽神經~
lindating51,當代牙醫是蠻不錯的 之前去過這家 醫生看診很有耐心 而且他們家都會做全口的檢查 檢查起來比較仔細 我也 覺得比較放心
joyce102934,我也有去當代牙醫看過牙齒 去之前最好先打電話問一下 因為他們服務是真的還蠻不錯的 去的人很多 但應該也 是可以現場去那裡排隊 只是不一定會馬上排到就是了
bluesky2,很多牙醫都懶得先在皮膚上上麻藥 都直接打麻藥 多一個步驟 病人的感受差蠻多的
nonopower,潔明牙醫，不過是在平鎮
Messi10,跟樓上持相反意見  不推薦潔明
jjkelly,我在中壢中正路上的精誠牙醫看! 我是打麻藥的時候會有痛 感! 我也是超怕看牙醫的! 但我在這家遇到游醫師 目前看來 中間都不會一直跟我囉嗦，弄牙齒的時候也沒太多痛感! 這醫生我滿推的~ 我也不推潔明，很多年前我第一次做根管 我的媽呀她竟然 沒打麻藥 弄之前我就說我怕痛了! 弄的時候簡直要死了 且還沒弄乾淨! 後來我就換診所了~
tammy1928,剛從上揚牙醫踏出來，黃醫師真的超有耐心超溫柔！ 柔的，而且非常細心，問問題也會仔細回答，推！
jastea,之前新民國中對面一家國偉牙醫裡有個楊振華醫師會這樣做 但楊醫師跳槽後下落不明...有人知道他在哪裡嗎??
jerico,沒想到還真的有一些可以看的一生，謝謝分享，等老婆做完 月子，再帶他去試看看！
hanavine,民權路上的新當代牙醫標榜無痛治療，可以去試試哦！
av8d5299,強力推薦大湳中悅牙醫-石醫師 給他看 我感覺很享受^^ 他也在大湳和悅牙醫看週六診 發炎痛了去看 麻醉效果不彰 我建議趁早用 會沒感覺 因為我做兩顆 有發炎 沒發炎 各一
evilbear114,聖峯牙醫吳醫生，很仔細認真 或者是林醫生，都會很仔細，不會馬虎
wilsona,我推聖峯牙醫的林醫師，因為我之前給他做的時候，不會讓 我有不安的感覺！而且技術很好
loveawrybod,我大推 龍潭國軍醫院 黃耀民 根管治療專科主任 超厲 害唷 親身經歷…好像很遠…
chung8,"看過經國路陽光牙醫(院長看)&朝陽街的朝陽牙醫(鄭醫師) 都不錯,鄭醫師是女醫師滿細心的.陽光就設備應該花了不少XD"
yum6028,正要發文問明天有沒有牙醫可以看..良璦女醫師聽說很好？ 朋友是推薦民光陳醫師 但明天晚上六點才下班怕沒醫生看了.......
Wennie,要去良璦請找女醫生 不推那個男醫生......
balalakiki,大家假牙套都做多少呀？我全瓷的24k覺得有點貴....還 是這已經很平價了?
ShadeDance,大推中壢的超凡牙醫 醫術好 也不會推不必要的治療 我以前給郝醫師做矯正 現在在台北生活 檢查都還跑回去
majan       ,我家去後站的非凡牙醫，還滿好約的
mishiya     ,想知道+1 今天親戚才推薦陽光（李醫師），說多打幾通應該約得 到（當天打可能可約當天），可惜離我太遠QQ
adole       ,推陽光牙醫，周三上午九點撥電話進去，當晚就能看!! 記得一直重覆撥，大約十分鐘內能撥進去!
piscesivy   ,文中牙醫不錯喔～戴醫師人很好
kofskyviva20,清新牙科劉醫生～女生人又溫柔喔 4683210
linkbean    ,張醫生非凡牙醫
Cruel2      ,1y10M 不是專門的可能也不太有辦法看喔...
elaine4444  ,我上次去桃園長庚，對你來說會太遠嗎？
asablue7788 ,桃園長庚，林口長庚都有
bngee       ,謝謝大家 陽光牙醫周三我沒辦法請假 請問長庚有推薦哪位醫生嗎 非凡牙醫已筆記 感謝~
meijoyce,/智齒
janinehll,壢新 王宏仁醫師！！！
Jokering5566,壢新 王醫師 請一個月前預約
angelafreet,壢新 王醫師 真心推薦
lf2netkobe,壢新 王醫師 智齒之王
Rocker5566,王醫師 就是你了 預約都滿了 有其他建議嗎..
min19850612,早上剛拔完...... God bless you!
fjri1030,我之前傻傻的在台中小診所拔右下水平智齒拔了兩個小時 傷到神經，左下的就去找壢新王醫師但他叫我去長庚拔， 後來看板上推薦去格林牙醫給專門拔智齒的陳奕舟醫生拔十 分鐘內就解決，傷口也復原很好沒有任何問題，他現在自己 到桃園開診所：康喬口腔外科
ann1125,也可以到新當代牙醫診所（民權路的）看看喔，他們有兩段 式拔牙。
Meihuo,世紀對面的聯安牙醫，下顎兩顆腳歪的都在那裏拔
fingeree,格林
hsimei,我也是給壢新王醫師拔的 是水平智齒 很快速也不太會痛喔
HuangJ,當代拔4顆 因為要矯正 環境不錯 醫生技術也很好
yyhhnn,我水平智齒發炎也是給王宏仁醫師拔的，技術超好～～因為發 炎痛到受不了我是去現場排別人預約沒來的，那天下午場開 放兩名 可以去現場排排看
akiehls,之前在中北路的全家福拔的
bubuw,王醫師 真心推薦 四顆都給他拔
bbenson,格林 陳奕舟
redmixed    ,建議等上排牙齒長出來再去塗 一般下排牙齒比較少蛀
kin106ki    ,大家都推薦桃樂絲，我去的感覺還可以
pttblackcat ,慈惠三街澄品跟格林一家都還蠻有名的，有兒童牙醫
gunlover    ,中壢sogo附近的新生牙醫，沒有華麗的設備 但是醫生有愛心，也有耐心 我家寶貝（2y）喝夜奶喝到蛀牙，補牙一路崩潰亂叫 醫生邊補邊安撫，我們家長都覺得不好意思 醫生反而跟我們說：這很正常，沒關係 生意很好，要預約喔
whitemao    ,推格林，但醫生說可以等牙齒多一點再塗，不過時間 很難約
cacacat     ,直接預約長庚，桃園診所超難約
m5712347    ,謝謝大家熱心的回覆，這樣我心裡有個底，踏實多了^^ 剛剛打去預約真的超級難約的...都要等很久...想請 問，長庚有推薦的醫生嗎？還是沒差捏？謝謝^^
vi29jsy,不愛只好出售
NicePP32,推壢新王醫師 拔水平不會痛且速度快！也不怎麼腫
yaru917,推新生路 聯安 林醫師。但很常休診建議先預約。
z888,想知道康喬好不好Q_Q c大你拔多久? E大 壢新似乎較多人推 Q_Q c大 感謝
chun0713,拔過康橋 倒鉤智齒 醫生手腳很快
Egiot,康喬我一次拔四顆水平智齒，超讚的
cat715,壢新王醫師 雖然越推排越久 但他真的很棒 克服我看牙醫的恐懼 大約開10分鐘 不含等麻藥
mii5566,E大一次拔四顆根本神人(遠目)
PangYangel,一次四顆真敢拔……
cookingmama,一次四顆水平?醫生肯?
jean0914,超好奇一次拔四顆水平智齒，是恢復期做仙不吃不喝渡過 的嗎？
alexxxxxx,一次拔4顆哪裡值得驕傲啊?試問您怎麼進食的，這個舉動 非常危險
HBO10383,我也非常不認同一次拔四顆的舉動，非常不明智，會用到非 常多的麻藥，而且容易對神經造成永久性傷害，一次拔四顆 ，後面一個禮拜最好還能吃東西……… 不過康喬是真的不錯啦，壢新真的太難排，相較之下，康喬 非常好預約，技術也很好
molar5566,ㄧ次拔四顆是有做舒眠麻醉或急著要出國吧 不然通常陳 醫師不會幫病人ㄧ次拔四顆 另外陳醫師打的麻藥是馬上就 會麻的 不用等.....
diestern    ,懷孕時有看過中山路的大偉牙醫 懷孕初期時去的
mable740601 ,桃園市府附近的源芳牙醫 懷孕時看過
whitemao    ,中壢慈惠三街的格林牙醫
sincia723   ,有醫生不看孕婦嗎？沒被拒絕過耶30週隨便找一家看 醫生沒說什麼注意別拍x光就好
aincourt    ,民生路 民生牙醫 我六個月還去洗牙XD
marsgreta   ,中埔一街，康齡牙科，呂醫師，是位女醫生。
dorahwang   ,聖保祿
smallod     ,協和
aptx4869n   ,我懷孕有洗牙 但診所說沒聽過有補助？是同德 十一街的潔德牙醫
swallow28   ,八德 新格牙醫
chinhsin86  ,我在藝文中心附近的京采看過
leehom309536,京采不錯
wanchi00    ,桃智路上有一間 孕期去過 還ok
lan216225   ,懷孕有洗牙，八德  禾悅牙醫
skds        ,壢新醫院
cho122      ,不會痛應該還好，去洗個牙就好了，我也牙痛，我是去 壢新、潔明，吃了止痛、消炎3顆，又不痛了，壢新牙 醫說：懷孕本來就容易牙齒不舒服，洗牙+吃藥，能好 就沒關係，懷孕是可以照x光，不過牙醫會要求至少要1 6-20週以上。
calucu24    ,朝陽。醫師溫柔仔細，醫德醫術都好，會一直叫我慢慢 來
shingoliang,林口長庚
brain1224,林口
countryair,桃園 林口長庚都會 長庚最近啦，其他醫學中心就台大 榮總 馬偕 桃園長庚要先坐到林口長庚，下車處轉搭免費接駁車 林口到桃園長庚約10-15分鐘路程
taiwang8man,中壢沒大醫院
moonslight,我是去林口，壢新跟天晨基本上都不會想去
LetgoWego,直的進去 橫的出來
a53216321,內湖三總
design0606,我覺得壢新還好  至少我的主治不錯 怎麼看大家說的壢新 跟我去的壢新好像不一樣= = 上次蜂窩性組織炎 已經痛到走路都很吃力 掛急診的時候 義工大姊主動推個輪椅來推我去量血壓 候診(好像還跟 醫生說我痛到沒辦法走路) 醫生直接出診間來幫我看診 從看診到入病房 大概一個小時多 本來醫院就有分級  哪些類型的疾病適合哪個級別的醫院 如果大家都往大醫院擠 那只會造成醫療資源的塞車 我對那種小病老是要往大醫院衝的那種心態蠻感冒的
petlover,口腔外科與顳頷，林口與桃園長庚都有
QQKENNY,林口長庚
chang0206,牙科不是有很多人推壢新？
sta52,桃園長庚 和 林口長庚 有些醫生根本ㄧ樣 但是掛號費有差
mrcjyh,桃園長庚和林口長庚不是同一家嗎 地址都在龜山阿
power7,一個頂湖路 一個復興街
beauty199399,去林口長庚超方便，中壢搭汎航就到了
bluesky2,內湖三總 長庚看病的品質太差 菜市場
gogotalk,新竹馬偕
BDUUU,壢新牙科還不錯
aries7441,壢新牙科讚
cracKnel,覺得奇怪，這不是通常都有轉診單嗎？ 自己直接去大醫院掛號 又比較貴
derekQQ,林口長庚。我去年躺著進去，直著出來，原本林口長庚要住2 個月，轉到長庚桃園分院也要2個月。後來真的太悶，在桃 園分院就強行出院。順帶一提，是對方的問題，好險後方有 一台車提供行車記錄器。 不然你可以去新國民和陽明醫院試試看
NaiveMiu,近就壢新 有時間就跑去林口長庚 天晨不推 長輩的經驗都是負面的
soleaching,長期追蹤的三高病症~署桃還可以
jerico,署立桃園醫院或內湖三總
cat715,牙科我都去壢新！很好 上次膽發炎差一點掛掉 壢新除了牙科其他真的不推 急診都 不急診了..
ironyam,壢新我互動下來印象還不錯
danielwu13,壢新還不錯！復健科推林頌凱醫師
XP1,壢新和天晟是大醫院，但是私人醫院，有些自付自費項目。 停車比較不方便，雖然有地下停車場˙˙˙ 要不然就去陽明醫院，陽明幾位主治醫生都很資深了。 遠一點就要去署立桃園醫院，但還算是中壢市（區）。
X566,林口長庚
lasslass,桃園醫院
HuangJ,壢新推牙科 外科要保重 上次BG版有一個延誤治療
AgentZero,乖乖去林口長庚吧 壢新覺得還不錯的只有外科主任的診而已 其他...
ORK,推桃園長庚~掛號費超省
h3po3,去桃園長庚就好，因為有些檢查也是去林口檢查 在桃園長庚掛號比較便宜，人也比較少 雖然是分院但是檢查一樣很完備，沒有的儀器就去林口排檢查
nanostar,"藉題問一下,勞工體檢會去哪一間醫院? tks"
tken06719,台北榮總。 804國軍醫院、天晟。
espanol,壢新算近的最ok的，長庚好遠而且人非常多
tse5400,勞工體檢我會去壢新，因為它是自己做的，很多區域醫院體 檢都外包，驗了數字有問題回醫院問還叫你重驗，結果數字 差很多，最後公司叫我去壢新重做
elohacp4,請問桃園長庚交通車在中壢哪邊可以坐 我現在才知道有桃園長庚
jk1982,推壢新牙科
jojo5417,推桃園長庚
lagers,近就壢新，天晨只有爛。害我白挨一刀
wowowe,牙科的話 聖保祿有個女醫師很厲害喔
starhsueh,"從推文就能知道 為何大醫院(醫學中心)總是大排長龍,急 診為何不急診"
meetghost,壢新 牙科不錯
anus,原po問的是牙科 現在很多牙科診所都有CT了 不用跑大醫院
ropin0320,為何沒人推署桃@@
vInzMing,推醫療分級觀念  小感冒去診所 小病開刀地區醫院 大型 重症醫療中心 課本都教幾年了
mmmababechu,大概兩三年前給陳奕舟醫師拔過，印象中不太痛還很快
lingz1024,陳奕舟醫師好像不在格林了 google也找不到消息說 謝謝Y大!感恩 樓上我也是 昨天痛了一整晚想死 三樓有回喔 康喬口腔外科牙醫診所 我已經預約好了 我剛太痛想立刻去 但接電話的小姐說他們沒看一般牙門診 所以可能只可以幫我看看但不確定能做治療QQ de大 我取消了喲
YTH1990,是陳奕舟醫師 他搬到桃園開了 找康喬口腔外科牙醫診所
AWNESS,陳奕舟醫師 之前給他拔智齒 打完麻藥後只感覺他拿工具 往我嘴巴壓一下 然後就說拔完了 一點感覺都沒有 全程不到5秒鐘  然後就開始塞棉花了 根本是神
b9713228,真的超神，我也給他拔過！他的診所超高級
demomemo,查了上篇推文   是在桃園摩斯的樓上  是嗎? 有人可以確定一下嗎....我現在痛到睡不了   想要早上 就過去拔= = 我google都找不到 請問....能否給我個電話  我怎麼上網查都沒有 我找到了....我用fb搜尋才找到  感謝 請問lingz1024大   你預約到什麼時間呀
asd0824tw,平鎮有一家叫文中牙醫...推薦!
peiggysu,上周也到康喬給陳奕舟醫師作根尖手術，終於把困擾很久 的根尖囊腫根除，推薦陳醫師! 桃園康喬口腔外科電話 03-3550610
carolian,水平智齒也是給陳奕舟醫生拔，十分鐘拔完
oopsmile,我是京采搭配蕭敬愷 看蛀牙洗牙都是京采（施/黃醫師）；蕭就是只有矯正～目 前矯正8個月嚕！ 矯正一定會不舒服，說粗魯也還好，但絕對沒有非常溫柔XD D(可能我看起來比較不怕痛所以....QQ 每個人狀況不同，矯正器也不會強迫使用哪種，頭期至少準 備4萬喔(裝上下排時)，建議先快點預約諮詢XD不然真的要 排很久
kiki950237,蕭只有矯正，其他治療需自行找診所
sniff,桃園區的話後火車站附近有一個陳霖茂診所很厲害，但是要排 蠻久的
gugu1031,蕭敬愷+1目前矯正快兩年了~ 蕭好像在中壢的一間牙科也有做諮詢，一個月一次而已
ilmb1314,蕭預約諮詢要等兩個多月哦
hh440977,蕭 目前一年多了  矯正不會有舒服的啦
abc5073hg,http://i.imgur.com/zQOEhNE.jpg 這家是我媽介紹給我的，還不錯
hsiaovi,蕭+1 今年一月矯正結束～
a1014120925,矯正推中正路上風采牙醫的賴醫師
anniekinki,矯正在聖保祿做的，醫生蠻要求完美，不過是醫院。。。
killhaoma,我是醫生，我有時也會有用盡全部心力對待病人，卻被誤 解痛罵的無力感，現在的醫病關係是我十幾年前踏入此行 所無法想到的差，我只能告訴我的學弟妹，再怎麼好的醫 生，也不可能讓所有的病人滿意，盡心盡力就好，我很感 謝京采張醫師讓我在後半輩子能好好吃些東西，或許有人 不以為然，或許你也會因此錯過一位適合你的好醫生。
jasonlllll,我在當代剛植完一顆7萬，大概半年。過程沒有不適還算 滿意，程醫師給你參考
Meego,我在當代植的  一顆7w  但是從沒叫我回家檢查 所以他們有些廣告文宣 植牙心得看看就好 可能我不是名人  所以他們不太在乎我植牙後 的情況吧～
ann1125,我在新當代植牙的，巷子裡面那間，一顆5W目前使用的還不 錯，他們還有高壓氧艙可以坐
havefun0229,Sogo旁晶華牙醫
everlasting,桃園永家牙醫診所一顆4w，不嫌遠的話可以來看看，是 龍潭的喬治牙牙醫院長來這邊新開的。 當代的醫師技術也很不錯，還住中壢的時候也去那邊。
shock520,推薦中正路上 名揚牙科 陳院長，助理很有專業知識 有問必答！不懂的還會LINE跟你解說
JillJustco,去菁菁洗牙吧  醫生超親切，洗牙不痛，偶爾酸一下，小 皺眉醫生都會頻說抱歉，整個過程沒什麼紅腫流血，唯一 的缺點是人太多，請早來。
jojoshyu,真的是那間 陳醫師 洗牙方式太誇張 一定要醫療疏失才能反推??請某樓多看幾遍 個人感受不同
standly,"這間不是新開的~已經開好久囉 我自己是看了蠻久的~覺得醫生經驗很多~還蠻專業的說 基本上都是要預約的,很熱門,只能預約1個多月後才有 你有先預約嗎?還是現場排?現場排的話要等"
kokus,標題反推 然後文章裡一堆問號是怎樣?你到底確定他有那些醫 療行為是錯誤的?
antiiss,洗牙好像差不多就是那樣啊@@
saiulbb,1. 之前看過醫療上沒啥問題 2. 排隊要非常久 沒去過的當 然會不爽 也許這是他們的SOP 至於牙膏的事情沒遇過
pbtwnet,我根管還有拔智齒麻藥都是打三針 打麻藥時頗痛但過程無痛 我是打牙齦唷
tatu0223,請問你打口腔皮還是牙齦？我要抽的那顆牙齒的牙齦不麻耶 大約等10分鐘左右，酸我可以忍，但是是用力抽痛（崩潰） 青青覺得還好
fingeree,其實你可以反映給原醫師看看，是否有辦法解決
lining61421,"超品牙醫林醫師。新明夜市旁,要預約。我之前做是沒 啥感覺,麻醉有打牙齦"
viteoviuhly,麻醉不是要打牙齦嗎？
cracKnel,我的醫師說 其實在發炎在痛時 不適合做根管
imVAL,有些神經已壞死的打牙齦就可以，還感覺得到酸痛的都算急性 發炎了，打再多都會痛。麻藥如果直接打進神經裡更痛（會整 個人小彈起來那種）但比打牙齦更有效 推薦給你中山東路上的佳新牙科，指名徐仲逸院長。但通常他 很難預約，你忍受得了就去給他做根管吧
qbeagle,急性期麻藥很難打麻  每間牙醫的麻藥都差不多
roadmanjia,"強力推薦群英吳醫師,已經給他做2顆了,痛的話先埋藥 治療,雖然要去比較多次不過他會幫你弄比較仔細 桃園市中壢區中正路221號   03 427 2803"
jerico,醫生是不知道麻藥要等待幾分鐘嗎？ 另外，即便上麻藥，一下子搓到最下面的XX，還是會很酸 根管治療應該要找專業一點的
BlueKatty,我先生在內壢的康雅做根管 打三針 他說很舒服XDD
TOMY910137,可以另外詢問顯微鏡根管治療的部分有推薦的診所或醫 生嗎？
kadouin,青青牙醫 超級推
derekQQ,搜尋完牙醫後，大家都各自推薦…
c4681209,結論，推哪家牙醫請連醫生名一起報上~不然真的各推各的
irisc,同求+1，想知道武陵/Ikea附近推薦的~主要著重醫術
nojen,嫌有點遠的話 可以到內壢的潔美 不過那家採預約制 可以先 打電話問問
qqlqlqlql,以前在附近的牙科上班 醫師不錯 重點他非常要求清潔 可 是是預約制 要等 而且醫師動作很～慢 要有耐心
tofukingkion,偉玲牙醫，我在那看很多年了
iampeter,推薦國強一街上靠近龍安街的瑞宏牙醫，醫生很細心，有 疑問都會詳細解說
greatgatsby,細心的話首推國際路一段的誠品牙醫。醫師很龜毛但是 補牙5年後沒再蛀。
woola0418,定北牙醫...市府附近
FROMHEART,請問原po上次是去哪一間?
dontkissme,從中山路搬到中平路那家，X美牙醫
yupc0109,你有確定你需要顯微根管還是一般的根管治療就好?
demomemo,我不確定耶  但想說好像感覺顯微鏡根管治療 比較好 我知道也比較貴   有人知道大概多少嗎?  加裝牙套的錢 然後......會比較不痛嗎= = 我剛看   根管治療加 裝牙套的錢 都健保給付 是這樣嗎?? 是只有顯微鏡根管治療 才要自負嗎?我以為牙套就要自付了
shw27,打麻醉都無感
ktmting,牙套要自己付錢
cracKnel,八德 大智路 新開的樂沛牙醫 陳醫師不錯
dream4life,藝術館附近的綠光好像有
linkbean,ㄧ般的根管，非凡的張醫生
a127n,我是做一般的根管 格林陳金津醫師 做完覺得OK
terry31224,元化路的精英牙科醫生好仔細
onechang,看來以上四間只有弘恩便宜些，其它也都跟歐維差不多 我當初是懶得看這麼多間，直接決定歐維-陳醫師
money710269,我在中北路上的至善牙醫矯正的，費用八萬五，矯正完 也不錯，可以給你參考！
wiettncgj,非凡跟歐唯，你都是預約最忙的醫師，不建議
d8888872002,看你要不要去台北，也是14萬左右，但是會改善，大概 兩年左右，因為我比你嚴重 如果想看我之前照片，我痞克幫有，跟idㄧ樣，真的比 你嚴重。不過我好像只記半年，後來就沒寫了 我是戴傳統的，還是效果很好啊，ㄧ年半縫就關完了， 現在在調牙根角度 我一年的時候臉型有變耶 因為有拔牙的關係
dora6219,我當初也是歐唯跟弘恩選，不過弘恩那時只能用傳統，只好 選歐唯了
vicsunchen,感謝大家的建議，但還是很難抉擇，覺得歐唯價格真的 太高了，可能王牌醫師價格都比較高?!但是又不希望花 很多次費用才把牙齒矯正好，當然希望一次到位，想問 問暴牙牙齒矯正應該是把牙齒往後拉吧?!那多少應該都會 改變臉型才是吧，跟時間長短有關係嗎?! 真的很怕沒有矯正好還要二次矯正嗚嗚... 真的很猶豫 對啊!!!!!可能真的是大牌醫師了所以覺得態度不是很好 哈哈哈但是真的很難越所以決定要另找醫師 想請問為何不推呢@@?!
bebeba,我在非凡謝醫生，永遠都是好溫柔！生意非常好沒錯，但調線 只要預約時間沒有遲到通常都沒什麼等到啊！歐唯蕭我有諮 詢過，就像原po說的，感覺就是花多少錢做多少事，令人感 覺有點差！
KuRed,妹妹朋友都在歐維 感想不推
kobeliu,我在後站潔明做的  覺得普普  細節可再問我
FanJohn519,我推弘恩的許醫師 但是他現在神隱(我兩年來都給他用
wilsona,植牙的技術跟植體很重要，建議你可以到桃園藝文中心的聖 峯牙醫喔。院長林醫師看診很仔細且他常常會飛國外進修植 牙的最新技術課程。之前我也介紹了很多人去，大家也都說 很好喔
cracKnel,八德區 大智路 樂沛牙醫 林醫師
firev,樂沛很多小朋友......好可惜，離我較近 還是回康爾牙醫找謝智宇醫生，蠻專業的～推
Mavr        ,要不要試試看桃園葡萄藤，醫生蠻有方法的
areca       ,坐月子的地方大寶可以去嗎? 可以的話盡量每天去讓你 刷(當然爸爸也還是要練習) 塗氟沒有神到可以抵一個 月不刷牙  每天清潔還是最有效的護牙方法 月不刷牙  每天清潔還是最有效的護牙方法 話說我生老二時  才兩三天沒顧到老大  再看到她時牙 齒上一層黃黃的厚垢嚇壞我了  老公說他都有刷(嗎?) 還好她跟我一起回娘家坐月子  刷一兩天就恢復了
calix       ,我有預約 格林牙醫，每個禮拜四有兒童牙醫。要先打 電話預約。
shihan75    ,桃園向日葵牙醫也很推唷
qutejunball ,買氟錠試試呢？我是每餐刷完牙給一顆，小孩很愛（ 糖果的概念）
Meyermeyer  ,有沒有中壢區的呢？
a37636462,推桃園康喬
Lmario,桃園康喬+1
mnetg,桃園康橋
jk1982,推智齒達人壢新王醫師
candynotat,同樓上推壢新王醫師～
mrkind,私信推薦中原附近牙醫
whisty216,壢新
ling0137,桃園康喬！！
whd14,謝謝大家 但朋友實在無法跑到桃園來 所以中壢區可能比較OK
derekQQ,厄...您可能需要看好幾家，才會找到您滿意的...
HBO10383,桃園康橋，壢新王，沒有其他 桃園康橋真的厲害，值得花時間跑一趟
paulman,壢新智齒神 但是極難掛號
Egiot,康橋，去桃園一趟真的非常非常值得
sarahoo,康橋有推薦的醫生嗎
Qzzzz,智齒王，掛號兩個月後才看
wel1721,康橋的醫生以前就在中壢 我也給他拔過水平智齒 真的不會痛喔~我的智齒還有倒鉤哩~會打麻藥的啦~ 重點是速度也滿快的 我還以為要很久 結果一下子就好了~
milkmari,壢新王醫師
monkeywife,壢新不容易掛到號 先去官網看時間
yupei,推文必有智齒王
zag46900,中壢智齒王 停車問隔壁的都是去那拔的
littlesun,當代興國賴神！賴俊臣
Lampaininder,桃園康喬 3個醫師都是有口腔顎面外科專科資格的醫師 樓上講的賴醫師 現在也有在康喬看診拔智齒
Mochi0506,桃園康喬 一次拔一邊(上下兩顆)不到十分鐘
bigbabybaby,壢新王宏仁 我給他把拔一顆之後接下來就直接就預約了 3顆
MoonAthenaX,全家福牙醫 我智齒沒亂長 但不到10秒就拔出來了
oncecp394su3,週一剛拔完！壢新張雅菁！
PiggyHsuan,上個月剛給智齒王拔完大推!不過因為我的智齒比較複雜 不像板上很多人只要五分鐘XD但術後不痛也很快就能進食
antigod,推壢新王
cat715,壢新智齒王 已處理兩顆 超讚 無痛
mia3,我4顆都給智齒王拔的  水平智齒也輕鬆處理
colin0000123,我在桃園康喬！值得去一趟
redcactus,壢新智齒王！技術好又溫柔
paulman,去壢新吧 反正沒多遠
gwen31337,去過永生 但我不是很推薦我的醫生 我覺得很粗魯 華欣的醫生是不是很老非常有年紀的？我後來一直想去但 家人不同意 總之後來我是去中壢sogi附近免掛號費的那家 四維路靠近路口全家其實也有一家牙醫 但其實我也不推 薦 之前去經驗也不好。剛上面打錯是要打sogo 後才發現我打的四維路是連美的樣子XDD
chenvlun,是連美沒錯
kenshe123,天成跟怡仁醫院都有牙科哦！
imhua,對，華欣的醫生頗高齡了，所以家人也要我換
beeolive,瑞埔國小附近涂牙醫 永生 唉 醫生好兇
ALOVET,永生的醫生態度真的很差
chen0937,楊梅天成牙醫師一掛人出走，在楊梅大成路附近開店了（ 離題了XD)
BlackShieh,華欣老歸老  但他講解很詳細  而且洗牙幾乎不會痛
lisa13019,不推新新牙醫！醫生顧聊天就算了，換藥也換的2266！很 差的經驗！
forian,推康喬 醫生技術很棒 診所裝潢不像一般診所像是高級書房
molly1019,中壢 格林 陳醫生 原來陳醫生跑去康橋了，之前我們診所有要拔智齒都會推 薦去給他拔，我自己的智齒也是給陳醫生拔的掛號到結束5 分鐘完畢
jackli2004,阿  忘了說  我在  桃園火車站附近 疑  我爬到一篇文  1.2樓推的是同一位嘛 感謝各位推薦
vacation,聖保祿的口腔外科醫師都很好，給鄭聿真醫師拔過 原本在敏盛的口外鄒秋霞醫師，現在在中埔六街尚霖牙醫 哈 看懂這篇文了，不該來亂的，原po和幫推的 sorry啦:P
s0930194,康橋，專做齒類外科，不過其實有時候吃個消炎止痛就好 有時候是智齒在長，除非長歪不然吃個消炎止痛一陣子就好
ealleneee91,聖保錄。鄭醫師。有風險的手術去大醫院就對
helen80316,"1,2f推薦是同一個，中壢格林的陳醫生現在跑到桃園康 喬"
xingling0801,我之前也是在敏盛的鄒秋霞 平常在看診的牙醫推薦的 ！
kyozwhie,水平 埋在肉裡就只能開刀
Jentze,水平智齒有些診所的醫師也不願意幫你拔。建議去敏盛直接處 理就好！
pluto6958,大推聖保祿啊！10分鐘無痛KO
w15141312,康橋
ballinsa,聖保祿鄭醫師不錯
ireneisme,壢新王主任！上個月才去
mp6ru8xup6,拔完一定要冰敷！我左右都是水平智齒，第一次拔完沒冰 敷24小時，然後就痛一個月QQ第二次拔有冰敷超過24小時 ，一週就不痛了
j520131498,推聖保祿，鄭醫師
JOGIBA,我去聖保祿怎麼就被弄得不要不要的...
acaciaiii,聖保祿吳醫生，我拔完有倒勾的智齒要回家了，別人還在 拔。而且感覺不到在拔就拔好了。
jtsang,跟你狀況很類似，壢新醫院牙科主任解決的，動作很快。
dumpling778,康喬的醫生很厲害，之前都在那邊拔
Anchorites,長庚 陳文和醫師
Asuschannel,推壢新王主任
a8112210,聖保祿鄭醫師～人親切但下手快狠準
etetaetone,聖保祿！！拔兩顆都快狠準 第一次女醫生第二次男醫生 都很好！
mingminc,有考慮台北公館的診所嗎？以前曾給郭倩媛醫師拔牙過，非 常推薦~
kemo,協和牙醫蔡醫師
hsieh73,晴越卓醫生
wilsona,聖峯 林醫師
lostheaven,我是給協合的呂醫師用的 他幫我處理矯正，牙套，智齒，還蠻猛的XD 跟一樓同一間
bbzxcvb1594,建國路佳德還不錯
sherry26,有人推薦植牙的醫生嗎？.... 請問費用你大概知道嗎？謝謝
eatandsleep,植牙 陽光牙醫 林震濤
mraznice,借問 有內歷推薦的牙醫嗎 智齒發炎了
killhaoma,做牙套的等級分很細，不同的含金比價格差異懸殊，所用 所用金的種類不一樣差異也會很大，每個牙醫師所配合的 技工室也不同，醫師的技術經驗也不同，會影響到所做 牙套的密合度和美觀，如何在保留最多原生齒質的狀況下 去做到最密合，會決定你這顆假牙好用與否和使用年限 這些都是需要醫生來把關，也是你要考慮進去的，光要求 價格的話一定是鑲牙師會最有競爭力，我做Gastrostomy Colostomy Anal Fistula  Hemicolectomy Appendectomy 費用會比一般新進醫師要來得高，那是因為我要求自己 再爆管率要是最低的，雖然如此刀還是要排到7月之後了 有時貴不是醫師賺得多，而是替你付出的成本真的比較高 一些建議給你參考......
szachary1020,上原牙醫（誤
dna730117,八德市公所附近新開那間很__
aven19970904,寶山牙醫（請預約）
nathalin,陳霖茂超推。  陳醫師人很棒 只是要等蠻久的...
twushin,"國際路的誠品牙醫劉醫師很不錯,只是有點難約…"
culd,二樓說那間我原本想去耶XD
mellow0116,二樓有掛嗎
s210298,推中正路的風采牙醫有根管專科溫醫師喔！
doraice,推誠品，我十幾年前做的，後來矯正的醫師也說做得不錯
elhazard01,長庚附近蒲公英診所的呂醫師不錯。今天剛看過。
ahsien8899,我家住八德，那家真的很雷..
goodgold,推國鼎一街 佳樂牙醫
nmcat,中正藝文特區君悅
fatcall,我也是都去陳霖茂 醫生很讚~只是一定要預約 去那邊矯正牙 齒也很滿意
monov,推八德康爾謝醫生很仔細
s00105albert,後站慈恩牙醫
max660865,聖峯牙醫
ce1337,推明仁牙醫，可以先去檢查看看
jany790509,先謝謝兩位了，但是已經頗痛，希望明天可以治療，謝 謝你們的資訊 謝謝兩位的資訊，看了一下今天的敏盛沒有口腔外科， 離我比較近，我也不確定是不是阻生齒…… 就是不喜歡牙醫碎碎唸，哈哈… 報告一下結果，去了同學推薦在大有路上的京瑋牙醫，他 說我沒有水平齒(灑花)但是一半的智齒卡到骨頭，不碰 到沒事一碰到就會很痛，所以安排出國回來就要拔(哭) 我也想快處理，可是發炎中，醫生似乎想等好點在拔
Gallon1225,阻生智齒還是拔了吧
Sacid,找大醫院口腔外科，發炎時不能拔牙
mswinnie,邊看牙是要發出什麼奇怪的聲音！？~不太懂？？.... 給你拍拍一下，阻生齒真的很痛~
greenmelon,"我在聖保祿拔的,跟你一樣在肉裡面所以有做小手術"
retriever33,我阻生智齒引發蜂窩性組織炎。脖子也腫了 打抗生素打了好多天。建議快處理
pigletlee,我弟之前也是牙齒在肉裡面，在鶯歌的天保用，有點遠， 哈哈。
deska,推大業路益皓牙科 （靠三元街） 吳醫師
jie123,有爬文？
suba1121,中正路靠近中正五街路口的協和我覺得不錯
haddi,大興西路的康齡 推林醫師 我給他拔了兩顆完全不痛 第二天還 吃麻辣鍋XD
phwphw,推成功路的旭陽
zoey0806,寶山街寶山牙醫
wleo,藝文特區的康喬 技術很好
oopsmile,建議直接大醫院處理0.0
chto,推康喬，四顆都在那拔。
kkoolla,永安路的勤益牙科 游醫生
ckhclaire,經國路的陽光牙科 林醫師
lanyantw,建議大醫院+1
bugbug,聖保祿吳勁翼
mswinnie,拔智齒去診所就好了啦～
luckyyi,明仁牙醫
abbyR,聖保祿鄭人碩醫生 我之前去拔橫的智齒很快解決...
nsn90462,聖保羅 主任醫師  上個月一次拔兩顆完全不痛
calucu24,推朝陽牙醫，醫生溫柔、醫術高明，快又不痛，之前在基 隆被弄壞的牙被她很有耐心的救回來了，醫德也很好，會 盡可能的幫病患保留真牙
a8112210,推聖保祿，女醫生拔牙速戰速決但又很溫柔
s1023700,民生路 新悅牙醫 推楊醫師
yanli2,我個人推薦永安路的群益牙醫
luckyyi,永樂街明仁牙醫
claire714,推民安路 用心牙醫
shiaumo,我的也常掉…但我相信是蛀牙角度太刁鑽的關係(哭
aven19970904,大有牙醫   寶山牙醫
lulu9604,新開的永家牙醫，在中正路上，大廟後面的大樓裡～我都 給女醫生看 目前都是補蛀牙，滿細心的
sakuraspo,我以前很喜歡經國慈文路口那邊的家欣牙醫，之前是因為 做矯正才往大醫院跑。
lisa090914,民生路靠近三民路口 新悅牙科
aincourt,鎮撫街的建嘉 上次也是去洗牙 覺得醫生很細心 以後都要 去那邊了XD
mswinnie,太隨便的醫生長怎樣？不懂？
luluran88,鎮撫街的建嘉!洗牙很輕、醫生人非常好～
siscalvpse,縣府旁源芳
luckyyi,大廟旁的明仁
mansheeID,所以有不乾淨的？
blue25420,達美
tomoa,民生路成功路口的信德
foralice,名華牙醫聽說不錯，在後站。
cuxi299,中山路上的固德牙科黃淑芬醫師
x19xzero,我也在找..之前爬文看 京彩好像不錯?!在中正路
awakened,中山路的古秀傳
msamong,永樂街 明仁牙醫
mustacheB,靠近桃鶯路上有家陳霖茂牙醫，昆明路7號
iambiglong,大廟後新民牙醫
ipipwrong,"朝陽街-朝陽牙醫,我都在那看,鄭醫師不錯! 桃園車站走過去大概12~15分吧.我也住車站附近.所以更近"
maone,市政府旁邊的固德醫生都不錯
insanebull,有去過中華路上的叮噹牙醫 不過去都是洗牙 沒什麼壞印 象
Basket0205,撘公車很方便R
haxuan,搭公車很方便ㄉ
Wrawra,中山路麥當勞對面遠處2樓 還不錯 遠傳
loveonly620,力行路口群益，離縣政府算很近
rrll,"民生路的""千代牙醫""(佳樂蛋糕店對面)  有在這裡矯正過"
lovelyniki,千代我矯正過，超級不推薦，還跑到台北二次矯正牙根嚴 重吸收
PTTerGoGocC,中山北路47號，全品牙醫，離市府很近走路可以到達， ，護士的臉有點臭但醫師人很好。也有矯正哦
megumi0409,叮噹不錯，洗牙若發現蛀牙也會同時處理，之前有一次 做牙套，醫生自己覺得不滿意就直接跟我說幫我重做， 不少同事去印象都很好，只是不提前約可能要等比較久。 固德是媽媽一直習慣去看的診所，也是不錯。
timegoeson,桃鶯路百齡牙醫王醫師，隔週四駐點，建議先打電話問 03-3622799
kickyjump,蕭敬愷搭公車會到，不麻煩，調整一個月一次還好的
ealleneee91,聖寶祿 醫術不錯 大醫院  收的合理  8000-15000都有 還能刷卡。 什麼療程??不懂??都有程序的，要治療就要付掛號錢。 聖保錄我去年掛號才200。等於ㄧ般市面小診所了。基本 上埋藥根管都要掛號錢啊。但是做假牙印象不用掛號錢 。沒被收過幾次掛號錢。聖保錄醫院我覺得透明 不會亂 騙 ((搞黑心是會被聖母劈唷-.-)而且你要做啥材質牙他 們也不會管你，不做牙也是幫你做好跟管) 簡單說 聖保錄 收你掛號錢 小診所應該也會收 。但是 聖保錄我覺得假牙價格比較透明些就是了。自己都是做 有牙齒顏色。然後合金成分中間等級的。 只是聖保錄要現場排無法預約就是了
yanli2,我都在群益做
cadan,推聖保祿，也在這邊做，只是要等超級久
cosy,8000~15000都是合理價格 看材質
Asato163,我在國鼎做這禮拜就要裝了，選內銀合金外牙齒色一萬二 含2%金牙釘兩千，共一萬四，以前也裝過其他顆目前耐用中 給你參考嘍
jcx,桃園市藝文特區那邊有家只做口腔外科拔智齒的!
afg73263,有任何問題反應 可客訴到壢新牙醫部的意見箱喔
kwinner,我看不太懂耶 在看診時不就知道可以處理還不能處理 怎麼怎麼到了第三次看診才說無法處理 前兩次看診是？ 推看兩眼也是要診察費的，我們真的很不重視別人長時間累 積的專業
bllove,醫師有說無法處理的原因嗎？態度差勁有沒有更明確的言語 或作為?畢竟跟其他版友的評價差很多 之前本來也考慮找王醫師拔智齒 但真的不好掛 沒必要說人家需要看眼科吧= =|||
grea0503,"怎麼跟我遇到的狀況完全相反@@ 護士有說明,醫生態度也好"
eva77,我也遇到同情形，不推王醫生
chto,推一樓的康喬，可以fb預約
jack008a,"推康橋 上次禮拜六連說話都不能說 好在康橋的醫生真是有 仁心,幫我拔智齒且也不好拔,拔了一小時左右,自費也只有 免拆縫線的項目,就不用再回診了,真是大大感謝康橋醫生."
zyra,想知道僅和王醫師相處時態度是如何差勁＠＠ 因為之前去拔時 王醫師的確是蠻忙的 幫我拔完之後馬上又要去幫其他人處理 所以好奇原PO是不是吃了閉門羹後 王醫師又馬上要去幫別人弄 所以覺得態度差勁？
XXXXXCAY,跟樓上說的差不多，會弄成這樣可能就是他前一次跟本沒仔 細看，就跑去弄別人的。 還有就是護理師也只是一直推自費的東西，而不是跟病患溝 通
HTCM9,壢新不是自詡南桃園最大嗎？ 這次的體驗就像上面幾位所說 感受不到醫師&護理師的專業... 我的牙是真的比較麻煩（水平智齒） 建議各位版友 簡單的case還是能去 麻煩的case就不要去勞駕王大醫師了 asd大是牙醫嗎XD 他第一次隨便看看就請護理師來說明自費項目了，因為他同時 接了不只一個病人= =
asd317035,來我這吧:P 我不是啦，我只是牙助..XD
liuyj,推康喬　那邊是口腔外科診所　不是一般牙醫　感覺就是整天 一直在挖智齒　每個去的病患都是為了智齒去的 如果沒有辦法馬上拔的　也可以在那邊做矯正　先把智齒拉正 之後再拔除
peggy60624,想問樓上矯正多少錢謝謝
cat715,我拔了兩顆水平 都是王醫師 而且態度都很好 還會和我聊天 護士們也都很好相處 禮貌客氣 真的很難想像 他會這樣子
b85040312,我也不推他 他馬的 上次他看了我的牙齒 一顆表示可以處 理  另外一顆難度比較他 他居然叫我直接去長庚 然後結束之後 他就只是看了一下 要收150... 甚麼治療都 沒做 另外一顆難度比較高 他居然直接叫我去長庚 給我的感覺就是他只想做好做的 難的就推掉 醫德去哪了? 護士當時跟我說我一顆要做膠原蛋白 3k 另一顆如果真的 想給王醫師做 要膠原蛋白5k 還是7k 忘了 原來歷新不算大醫院 我的是難度很高 所以被推 這叫運氣不好? 難怪牙醫 一家開的比一家華麗 還好我找到更好的方式 又不花錢 現 在智齒也根本不會痛 ps 難度很高是醫生直接講明 然後叫我去長庚 樓上是不是需要看眼科 而且他是可以處理的 護士有私底下跟我說可以 好嗎 我明明都有寫到 ubei 你拿美國的醫療跟台灣的比? 健保是假的就對了? 我只知道某人居然覺得儷新不是大醫院 收費還比長庚貴 那勵新是幹甚麼用的 負責收錢就好?
momo011,還好我都堅持約台北歐嘉德
AHsuanHsuan,我的水平智齒在家附近小診所就拔掉了 也頗順利
bluesky2,看了一下收150 這應該還好吧 畢竟那也是診察 雖然沒有治療會讓人感覺不太好 另外就是 一般會叫你 到大醫院去 通常是伴隨你有其他嚴重慢性疾病跟拔牙比較 有關聯的 這個一般診所會叫你直接去大醫院 但是壢新就 不應該出現這種問題 而且還是口腔外科專科醫師 這更不 應該 上面說的診所叫你轉診 可能醫師本身不是口外專科 那還有話說 可能生意做大了 這種基本拔牙也賺不到什麼錢 就不太想弄吧 現在的牙醫 出逃很多 通通都要你挑自費項 目 不然怎麼坊間牙醫診所一間豪華過一間
Qzzzz,給王醫師拔四顆，兩顆水平，態度都很好，和護士也有說有笑
lordguyboy,這種很明顯事病人太多 被推掉就是運氣不好而已 壢新在醫院分級頂多是區域醫院  在台灣來說不算大阿XD 說道太難處理就推掉  以我認識的牙醫說法 就是你技術再強也是有可能30%預後不好 這些預後不好的 一小部分人回診鬧個幾次就會熱血喪失殆盡了 一邊是自費好賺 一邊是吃力不討好  掛醫德就太重了 起碼他很誠實叫你轉大醫院處理
SuGoEa,本來沒辦法處裡就老實講 很正常啊 有些設備或技術沒辦法 處理 難道要硬著上 對雙方都不好吧 我看的牙醫也是說 這它沒辦法處理 叫我去長庚 很合理吧
sharkhead,看了不能處理 收150有什麼問題......？
annieashin,推康喬 真的厲害
Egiot,前年去藝文特區的康喬陳醫師，中午拔四顆水平智齒，晚上就 吃燒烤，給你參考一下
liuedd,不能處理也要收診察費啊，以為看兩眼不用專業？要不要看腦 科？
tinabbs,本想去找王醫師，還好都預約不到，已約康喬
et8810,我認真跟你說 去長庚 我的壢新幫我拔 我到現在都後悔 水平智齒真的很看醫生 加油
peacestar,上次去也是先只被診察，然後有問沒要現場拔的話那是否 可以補個蛀牙，結果被回說這去找普通牙醫診所就好。醫 生這樣直接拒絕病患是對的嗎？
mascherina,臺灣的醫療真的很便宜……還有人嫌
ubei,人家看二眼是花了多少時間和經驗學來的 收個150也在唉 以前在美國帶室友看牙醫也是看一眼沒治療收150但是是美元
a127n,以後找家人幫你看就好啊，想看幾眼都不用收錢唷，啾咪
gn019628630,"特別跑到台北""歐佳德""讚x100"
kk8921647,王醫師本來是在804口腔外科的軍醫後來怎麼到壢新當醫師 最後怎麼當主任，不過很早壢新醫院牙科真的很強口腔癌 病人也可以開..至於之前醫師怎麼走光的..白色巨塔 請問原po第一次去時醫師有幫您智齒照片子嗎？如果第一 次去就有照片子應該就可以判斷是否要安排時間拔牙
b0690151,說真的坦白能力不足也是件好事，不然硬著頭皮挖對誰都沒 好處.....要知道願意說自己能力不足的醫生也不多的
sammnbv,我只看到有人花時間沒看到病在生氣 忽略醫生給的建議去大醫院看  分級治療的概念沒有
carolian,之前是給陳奕舟醫師拔的水平智齒，十分鐘結束
Candy1129,壢新牙醫護士態度不佳+1 超級不推壢新
Julia217,不推壢新!!! 態度很...
himandy813  ,搬家前也對米樂印象不錯，搬家後也覺得感覺變差
mokipu      ,我覺得醫生ok，但是櫃檯護士態度很差
dentyneice  ,要好評建議可以花錢去葡萄藤。另外，在中壢版被砲轟 德很慘喔？
arrio       ,是啊 虛心接受把負評改掉 針對上面我要說是輕微的喔 因為是喉嚨有腫 再加上又 哭 躺下來的時候才開始的
CookieNCream,感冒的時候不適合去吧，咳嗽要怎麼補？不只對病人危 險，直接對著牙醫師的臉咳嗽也讓人很無奈 能夠理解媽媽你的擔心，不過身體不舒服的孩子去看 牙是更難配合治療的，不好的經驗也容易造成孩子將 來害怕看牙
alcl07,"陽明公園附近慈恩牙醫，補很多年都沒掉，洗牙也不會痛但是 預約很麻煩 慈恩牙醫要中午去排隊，1點半開始登記約晚上7點以後,之前 有排到晚上10點，平日下午是2個月前預約"
dapy,之前朋友也有推薦我慈恩牙醫，看得不錯，要預約。百齡，我 也看過，沒有特別感覺，但有同事滿推薦，百齡可以掛現場。 向陽牙醫態度很好，我是帶小孩去看，自己沒看過。佳德牙醫 也不錯，要預約。健銓牙醫有一個老醫師，我覺得很厲害，麻 醉拔智齒，完全不痛，也沒有後遺症，但他會讓你覺得自己的 牙齒很爛。
djpro,慈恩跟向陽都約滿了 哭哭
skdoco,推薦桃鶯路上名華牙醫~靠全聯附近
